exp_id,test_id,compiler,optimization_level,architecture,output,timestamp
exp_1,l-15.c,gcc,O0,arm,0,2025-04-29 23:01:08.840760
exp_1,l-15.c,gcc,O1,arm,1,2025-04-29 23:01:09.298238
exp_1,l-15.c,gcc,O2,arm,1,2025-04-29 23:01:09.758715
exp_1,l-15.c,gcc,O3,arm,1,2025-04-29 23:01:10.218284
exp_1,l-15.c,gcc,O4,arm,1,2025-04-29 23:01:10.683049
exp_1,l-15.c,clang,O0,arm,0,2025-04-29 23:01:11.191698
exp_1,l-15.c,clang,O1,arm,1,2025-04-29 23:01:11.696022
exp_1,l-15.c,clang,O2,arm,1,2025-04-29 23:01:12.203597
exp_1,l-15.c,clang,O3,arm,1,2025-04-29 23:01:12.712310
exp_1,b-14.c,gcc,O0,arm,1,2025-04-29 23:01:13.139592
exp_1,b-14.c,gcc,O1,arm,1,2025-04-29 23:01:13.577519
exp_1,b-14.c,gcc,O2,arm,1,2025-04-29 23:01:14.014850
exp_1,b-14.c,gcc,O3,arm,1,2025-04-29 23:01:14.459809
exp_1,b-14.c,gcc,O4,arm,1,2025-04-29 23:01:14.898032
exp_1,b-14.c,clang,O0,arm,0,2025-04-29 23:01:15.378601
exp_1,b-14.c,clang,O1,arm,1,2025-04-29 23:01:15.874002
exp_1,b-14.c,clang,O2,arm,1,2025-04-29 23:01:16.358789
exp_1,b-14.c,clang,O3,arm,1,2025-04-29 23:01:16.846541
exp_1,l-41.c,gcc,O0,arm,2,2025-04-29 23:01:17.187263
exp_1,l-41.c,gcc,O1,arm,2,2025-04-29 23:01:17.528916
exp_1,l-41.c,gcc,O2,arm,2,2025-04-29 23:01:17.871219
exp_1,l-41.c,gcc,O3,arm,2,2025-04-29 23:01:18.203086
exp_1,l-41.c,gcc,O4,arm,2,2025-04-29 23:01:18.544322
exp_1,l-41.c,clang,O0,arm,2,2025-04-29 23:01:18.875364
exp_1,l-41.c,clang,O1,arm,2,2025-04-29 23:01:19.208753
exp_1,l-41.c,clang,O2,arm,2,2025-04-29 23:01:19.541797
exp_1,l-41.c,clang,O3,arm,2,2025-04-29 23:01:19.883798
exp_1,l-37.c,gcc,O0,arm,1,2025-04-29 23:01:20.316672
exp_1,l-37.c,gcc,O1,arm,0,2025-04-29 23:01:20.757322
exp_1,l-37.c,gcc,O2,arm,1,2025-04-29 23:01:21.197055
exp_1,l-37.c,gcc,O3,arm,1,2025-04-29 23:01:21.634190
exp_1,l-37.c,gcc,O4,arm,1,2025-04-29 23:01:22.075167
exp_1,l-37.c,clang,O0,arm,1,2025-04-29 23:01:22.559453
exp_1,l-37.c,clang,O1,arm,1,2025-04-29 23:01:23.056216
exp_1,l-37.c,clang,O2,arm,1,2025-04-29 23:01:23.551109
exp_1,l-37.c,clang,O3,arm,1,2025-04-29 23:01:24.041450
exp_1,b-4.c,gcc,O0,arm,1,2025-04-29 23:01:24.475588
exp_1,b-4.c,gcc,O1,arm,1,2025-04-29 23:01:24.927323
exp_1,b-4.c,gcc,O2,arm,1,2025-04-29 23:01:25.377665
exp_1,b-4.c,gcc,O3,arm,1,2025-04-29 23:01:25.830794
exp_1,b-4.c,gcc,O4,arm,1,2025-04-29 23:01:26.288968
exp_1,b-4.c,clang,O0,arm,0,2025-04-29 23:01:26.781931
exp_1,b-4.c,clang,O1,arm,1,2025-04-29 23:01:27.278082
exp_1,b-4.c,clang,O2,arm,1,2025-04-29 23:01:27.777229
exp_1,b-4.c,clang,O3,arm,1,2025-04-29 23:01:28.276192
exp_1,l-8.c,gcc,O0,arm,1,2025-04-29 23:01:28.721592
exp_1,l-8.c,gcc,O1,arm,1,2025-04-29 23:01:29.181623
exp_1,l-8.c,gcc,O2,arm,1,2025-04-29 23:01:29.651505
exp_1,l-8.c,gcc,O3,arm,1,2025-04-29 23:01:30.116984
exp_1,l-8.c,gcc,O4,arm,1,2025-04-29 23:01:30.580993
exp_1,l-8.c,clang,O0,arm,1,2025-04-29 23:01:31.081428
exp_1,l-8.c,clang,O1,arm,1,2025-04-29 23:01:31.592915
exp_1,l-8.c,clang,O2,arm,1,2025-04-29 23:01:32.102573
exp_1,l-8.c,clang,O3,arm,1,2025-04-29 23:01:32.611573
exp_1,b-26.c,gcc,O0,arm,2,2025-04-29 23:01:32.956112
exp_1,b-26.c,gcc,O1,arm,2,2025-04-29 23:01:33.289667
exp_1,b-26.c,gcc,O2,arm,2,2025-04-29 23:01:33.625909
exp_1,b-26.c,gcc,O3,arm,2,2025-04-29 23:01:33.957331
exp_1,b-26.c,gcc,O4,arm,2,2025-04-29 23:01:34.291594
exp_1,b-26.c,clang,O0,arm,2,2025-04-29 23:01:34.625239
exp_1,b-26.c,clang,O1,arm,2,2025-04-29 23:01:34.963222
exp_1,b-26.c,clang,O2,arm,2,2025-04-29 23:01:35.302230
exp_1,b-26.c,clang,O3,arm,2,2025-04-29 23:01:35.634808
exp_1,b-20.c,gcc,O0,arm,0,2025-04-29 23:01:36.066772
exp_1,b-20.c,gcc,O1,arm,0,2025-04-29 23:01:36.459406
exp_1,b-20.c,gcc,O2,arm,0,2025-04-29 23:01:36.855785
exp_1,b-20.c,gcc,O3,arm,0,2025-04-29 23:01:37.303135
exp_1,b-20.c,gcc,O4,arm,0,2025-04-29 23:01:37.749975
exp_1,b-20.c,clang,O0,arm,0,2025-04-29 23:01:38.237425
exp_1,b-20.c,clang,O1,arm,0,2025-04-29 23:01:38.650488
exp_1,b-20.c,clang,O2,arm,0,2025-04-29 23:01:39.060184
exp_1,b-20.c,clang,O3,arm,0,2025-04-29 23:01:39.555552
exp_1,b-3.c,gcc,O0,arm,0,2025-04-29 23:01:39.987467
exp_1,b-3.c,gcc,O1,arm,0,2025-04-29 23:01:40.431457
exp_1,b-3.c,gcc,O2,arm,1,2025-04-29 23:01:42.161377
exp_1,b-3.c,gcc,O3,arm,1,2025-04-29 23:01:43.896655
exp_1,b-3.c,gcc,O4,arm,1,2025-04-29 23:01:45.629720
exp_1,b-3.c,clang,O0,arm,0,2025-04-29 23:01:46.121562
exp_1,b-3.c,clang,O1,arm,0,2025-04-29 23:01:46.616545
exp_1,b-3.c,clang,O2,arm,0,2025-04-29 23:01:47.110767
exp_1,b-3.c,clang,O3,arm,0,2025-04-29 23:01:47.606192
exp_1,b-9.c,gcc,O0,arm,1,2025-04-29 23:01:48.041807
exp_1,b-9.c,gcc,O1,arm,1,2025-04-29 23:01:48.473823
exp_1,b-9.c,gcc,O2,arm,1,2025-04-29 23:01:48.912106
exp_1,b-9.c,gcc,O3,arm,1,2025-04-29 23:01:49.347016
exp_1,b-9.c,gcc,O4,arm,1,2025-04-29 23:01:49.783713
exp_1,b-9.c,clang,O0,arm,0,2025-04-29 23:01:51.540724
exp_1,b-9.c,clang,O1,arm,1,2025-04-29 23:01:52.022952
exp_1,b-9.c,clang,O2,arm,1,2025-04-29 23:01:52.514541
exp_1,b-9.c,clang,O3,arm,1,2025-04-29 23:01:52.998276
exp_1,l-13.c,gcc,O0,arm,0,2025-04-29 23:01:53.426011
exp_1,l-13.c,gcc,O1,arm,1,2025-04-29 23:01:53.855932
exp_1,l-13.c,gcc,O2,arm,1,2025-04-29 23:01:54.288107
exp_1,l-13.c,gcc,O3,arm,1,2025-04-29 23:01:54.721432
exp_1,l-13.c,gcc,O4,arm,1,2025-04-29 23:01:55.156677
exp_1,l-13.c,clang,O0,arm,0,2025-04-29 23:01:55.643654
exp_1,l-13.c,clang,O1,arm,1,2025-04-29 23:01:56.127218
exp_1,l-13.c,clang,O2,arm,1,2025-04-29 23:01:56.608338
exp_1,l-13.c,clang,O3,arm,1,2025-04-29 23:01:57.088621
exp_1,l-23.c,gcc,O0,arm,2,2025-04-29 23:01:57.421010
exp_1,l-23.c,gcc,O1,arm,2,2025-04-29 23:01:57.751782
exp_1,l-23.c,gcc,O2,arm,2,2025-04-29 23:01:58.082746
exp_1,l-23.c,gcc,O3,arm,2,2025-04-29 23:01:58.422712
exp_1,l-23.c,gcc,O4,arm,2,2025-04-29 23:01:58.752780
exp_1,l-23.c,clang,O0,arm,2,2025-04-29 23:01:59.083176
exp_1,l-23.c,clang,O1,arm,2,2025-04-29 23:01:59.413517
exp_1,l-23.c,clang,O2,arm,2,2025-04-29 23:01:59.744727
exp_1,l-23.c,clang,O3,arm,2,2025-04-29 23:02:00.075092
exp_1,b-6.c,gcc,O0,arm,0,2025-04-29 23:02:01.793914
exp_1,b-6.c,gcc,O1,arm,1,2025-04-29 23:02:02.258829
exp_1,b-6.c,gcc,O2,arm,1,2025-04-29 23:02:02.714241
exp_1,b-6.c,gcc,O3,arm,1,2025-04-29 23:02:03.170237
exp_1,b-6.c,gcc,O4,arm,1,2025-04-29 23:02:03.624499
exp_1,b-6.c,clang,O0,arm,0,2025-04-29 23:02:05.400811
exp_1,b-6.c,clang,O1,arm,1,2025-04-29 23:02:05.904913
exp_1,b-6.c,clang,O2,arm,1,2025-04-29 23:02:06.407088
exp_1,b-6.c,clang,O3,arm,1,2025-04-29 23:02:06.920463
exp_1,l-43.c,gcc,O0,arm,0,2025-04-29 23:02:07.350002
exp_1,l-43.c,gcc,O1,arm,0,2025-04-29 23:02:07.787698
exp_1,l-43.c,gcc,O2,arm,1,2025-04-29 23:02:08.225117
exp_1,l-43.c,gcc,O3,arm,1,2025-04-29 23:02:08.663061
exp_1,l-43.c,gcc,O4,arm,1,2025-04-29 23:02:09.103019
exp_1,l-43.c,clang,O0,arm,0,2025-04-29 23:02:09.582285
exp_1,l-43.c,clang,O1,arm,0,2025-04-29 23:02:10.079038
exp_1,l-43.c,clang,O2,arm,0,2025-04-29 23:02:10.565638
exp_1,l-43.c,clang,O3,arm,0,2025-04-29 23:02:11.053588
exp_1,b-13.c,gcc,O0,arm,1,2025-04-29 23:02:11.475838
exp_1,b-13.c,gcc,O1,arm,1,2025-04-29 23:02:11.853173
exp_1,b-13.c,gcc,O2,arm,1,2025-04-29 23:02:12.235803
exp_1,b-13.c,gcc,O3,arm,1,2025-04-29 23:02:12.619235
exp_1,b-13.c,gcc,O4,arm,1,2025-04-29 23:02:13.010751
exp_1,b-13.c,clang,O0,arm,1,2025-04-29 23:02:13.480258
exp_1,b-13.c,clang,O1,arm,1,2025-04-29 23:02:13.876198
exp_1,b-13.c,clang,O2,arm,1,2025-04-29 23:02:14.273052
exp_1,b-13.c,clang,O3,arm,1,2025-04-29 23:02:14.669830
exp_1,b-1.c,gcc,O0,arm,1,2025-04-29 23:02:15.101557
exp_1,b-1.c,gcc,O1,arm,1,2025-04-29 23:02:15.543271
exp_1,b-1.c,gcc,O2,arm,1,2025-04-29 23:02:16.004015
exp_1,b-1.c,gcc,O3,arm,1,2025-04-29 23:02:16.454138
exp_1,b-1.c,gcc,O4,arm,1,2025-04-29 23:02:16.905942
exp_1,b-1.c,clang,O0,arm,1,2025-04-29 23:02:17.386450
exp_1,b-1.c,clang,O1,arm,1,2025-04-29 23:02:17.886589
exp_1,b-1.c,clang,O2,arm,1,2025-04-29 23:02:18.387840
exp_1,b-1.c,clang,O3,arm,1,2025-04-29 23:02:18.886871
exp_1,b-7.c,gcc,O0,arm,1,2025-04-29 23:02:19.337421
exp_1,b-7.c,gcc,O1,arm,1,2025-04-29 23:02:19.790754
exp_1,b-7.c,gcc,O2,arm,1,2025-04-29 23:02:20.248818
exp_1,b-7.c,gcc,O3,arm,1,2025-04-29 23:02:20.707703
exp_1,b-7.c,gcc,O4,arm,1,2025-04-29 23:02:21.166651
exp_1,b-7.c,clang,O0,arm,1,2025-04-29 23:02:21.660991
exp_1,b-7.c,clang,O1,arm,1,2025-04-29 23:02:22.163758
exp_1,b-7.c,clang,O2,arm,1,2025-04-29 23:02:22.677799
exp_1,b-7.c,clang,O3,arm,1,2025-04-29 23:02:23.181772
exp_1,b-5.c,gcc,O0,arm,0,2025-04-29 23:02:23.617767
exp_1,b-5.c,gcc,O1,arm,1,2025-04-29 23:02:24.063517
exp_1,b-5.c,gcc,O2,arm,1,2025-04-29 23:02:24.510737
exp_1,b-5.c,gcc,O3,arm,1,2025-04-29 23:02:24.961680
exp_1,b-5.c,gcc,O4,arm,1,2025-04-29 23:02:25.410074
exp_1,b-5.c,clang,O0,arm,0,2025-04-29 23:02:25.907646
exp_1,b-5.c,clang,O1,arm,1,2025-04-29 23:02:26.405220
exp_1,b-5.c,clang,O2,arm,1,2025-04-29 23:02:26.903047
exp_1,b-5.c,clang,O3,arm,1,2025-04-29 23:02:27.399084
exp_1,b-12.c,gcc,O0,arm,1,2025-04-29 23:02:27.794289
exp_1,b-12.c,gcc,O1,arm,1,2025-04-29 23:02:28.203817
exp_1,b-12.c,gcc,O2,arm,1,2025-04-29 23:02:28.617896
exp_1,b-12.c,gcc,O3,arm,0,2025-04-29 23:02:29.040995
exp_1,b-12.c,gcc,O4,arm,0,2025-04-29 23:02:29.453082
exp_1,b-12.c,clang,O0,arm,0,2025-04-29 23:02:29.875877
exp_1,b-12.c,clang,O1,arm,0,2025-04-29 23:02:30.308245
exp_1,b-12.c,clang,O2,arm,0,2025-04-29 23:02:30.739246
exp_1,b-12.c,clang,O3,arm,0,2025-04-29 23:02:31.171627
exp_1,l-25.c,gcc,O0,arm,1,2025-04-29 23:02:31.549497
exp_1,l-25.c,gcc,O1,arm,0,2025-04-29 23:02:31.949111
exp_1,l-25.c,gcc,O2,arm,0,2025-04-29 23:02:32.341217
exp_1,l-25.c,gcc,O3,arm,0,2025-04-29 23:02:32.733989
exp_1,l-25.c,gcc,O4,arm,0,2025-04-29 23:02:33.126695
exp_1,l-25.c,clang,O0,arm,0,2025-04-29 23:02:33.526283
exp_1,l-25.c,clang,O1,arm,0,2025-04-29 23:02:33.933365
exp_1,l-25.c,clang,O2,arm,0,2025-04-29 23:02:34.339463
exp_1,l-25.c,clang,O3,arm,0,2025-04-29 23:02:34.757118
exp_1,b-22.c,gcc,O0,arm,1,2025-04-29 23:02:35.136068
exp_1,b-22.c,gcc,O1,arm,1,2025-04-29 23:02:35.525500
exp_1,b-22.c,gcc,O2,arm,1,2025-04-29 23:02:35.920397
exp_1,b-22.c,gcc,O3,arm,1,2025-04-29 23:02:36.315030
exp_1,b-22.c,gcc,O4,arm,1,2025-04-29 23:02:36.711203
exp_1,b-22.c,clang,O0,arm,1,2025-04-29 23:02:37.109611
exp_1,b-22.c,clang,O1,arm,1,2025-04-29 23:02:37.529544
exp_1,b-22.c,clang,O2,arm,1,2025-04-29 23:02:37.940180
exp_1,b-22.c,clang,O3,arm,1,2025-04-29 23:02:38.354150
exp_1,b-2.c,gcc,O0,arm,1,2025-04-29 23:02:38.786846
exp_1,b-2.c,gcc,O1,arm,1,2025-04-29 23:02:39.232636
exp_1,b-2.c,gcc,O2,arm,1,2025-04-29 23:02:39.682184
exp_1,b-2.c,gcc,O3,arm,1,2025-04-29 23:02:40.130551
exp_1,b-2.c,gcc,O4,arm,1,2025-04-29 23:02:40.589693
exp_1,b-2.c,clang,O0,arm,1,2025-04-29 23:02:41.081412
exp_1,b-2.c,clang,O1,arm,1,2025-04-29 23:02:41.584443
exp_1,b-2.c,clang,O2,arm,1,2025-04-29 23:02:42.087073
exp_1,b-2.c,clang,O3,arm,1,2025-04-29 23:02:42.589197
exp_1,b-11.c,gcc,O0,arm,1,2025-04-29 23:02:43.018082
exp_1,b-11.c,gcc,O1,arm,1,2025-04-29 23:02:43.456523
exp_1,b-11.c,gcc,O2,arm,1,2025-04-29 23:02:43.910474
exp_1,b-11.c,gcc,O3,arm,1,2025-04-29 23:02:44.353239
exp_1,b-11.c,gcc,O4,arm,1,2025-04-29 23:02:44.798879
exp_1,b-11.c,clang,O0,arm,1,2025-04-29 23:02:45.277500
exp_1,b-11.c,clang,O1,arm,1,2025-04-29 23:02:45.766180
exp_1,b-11.c,clang,O2,arm,1,2025-04-29 23:02:46.256328
exp_1,b-11.c,clang,O3,arm,1,2025-04-29 23:02:46.745646
exp_1,b-8.c,gcc,O0,arm,0,2025-04-29 23:02:47.193435
exp_1,b-8.c,gcc,O1,arm,1,2025-04-29 23:02:47.647763
exp_1,b-8.c,gcc,O2,arm,1,2025-04-29 23:02:48.103884
exp_1,b-8.c,gcc,O3,arm,1,2025-04-29 23:02:48.558912
exp_1,b-8.c,gcc,O4,arm,1,2025-04-29 23:02:49.017929
exp_1,b-8.c,clang,O0,arm,1,2025-04-29 23:02:49.513178
exp_1,b-8.c,clang,O1,arm,1,2025-04-29 23:02:50.016291
exp_1,b-8.c,clang,O2,arm,1,2025-04-29 23:02:50.529157
exp_1,b-8.c,clang,O3,arm,1,2025-04-29 23:02:51.031953
exp_1,l-16.c,gcc,O0,arm,2,2025-04-29 23:02:51.364128
exp_1,l-16.c,gcc,O1,arm,2,2025-04-29 23:02:51.697364
exp_1,l-16.c,gcc,O2,arm,2,2025-04-29 23:02:52.030216
exp_1,l-16.c,gcc,O3,arm,2,2025-04-29 23:02:52.365533
exp_1,l-16.c,gcc,O4,arm,2,2025-04-29 23:02:52.696918
exp_1,l-16.c,clang,O0,arm,2,2025-04-29 23:02:53.037823
exp_1,l-16.c,clang,O1,arm,2,2025-04-29 23:02:53.369776
exp_1,l-16.c,clang,O2,arm,2,2025-04-29 23:02:53.701983
exp_1,l-16.c,clang,O3,arm,2,2025-04-29 23:02:54.034479
exp_1,l-11.c,gcc,O0,arm,1,2025-04-29 23:02:54.465730
exp_1,l-11.c,gcc,O1,arm,1,2025-04-29 23:02:54.901594
exp_1,l-11.c,gcc,O2,arm,1,2025-04-29 23:02:55.334621
exp_1,l-11.c,gcc,O3,arm,1,2025-04-29 23:02:55.778040
exp_1,l-11.c,gcc,O4,arm,1,2025-04-29 23:02:56.213008
exp_1,l-11.c,clang,O0,arm,1,2025-04-29 23:02:56.688488
exp_1,l-11.c,clang,O1,arm,1,2025-04-29 23:02:57.168710
exp_1,l-11.c,clang,O2,arm,1,2025-04-29 23:02:57.652105
exp_1,l-11.c,clang,O3,arm,1,2025-04-29 23:02:58.133481
exp_1,b-16.c,gcc,O0,arm,0,2025-04-29 23:02:58.580301
exp_1,b-16.c,gcc,O1,arm,0,2025-04-29 23:02:59.049379
exp_1,b-16.c,gcc,O2,arm,1,2025-04-29 23:02:59.529358
exp_1,b-16.c,gcc,O3,arm,1,2025-04-29 23:02:59.996037
exp_1,b-16.c,gcc,O4,arm,1,2025-04-29 23:03:00.462245
exp_1,b-16.c,clang,O0,arm,0,2025-04-29 23:03:00.968249
exp_1,b-16.c,clang,O1,arm,0,2025-04-29 23:03:01.470470
exp_1,b-16.c,clang,O2,arm,0,2025-04-29 23:03:01.977800
exp_1,b-16.c,clang,O3,arm,0,2025-04-29 23:03:02.490174
exp_1,b-21.c,gcc,O0,arm,0,2025-04-29 23:03:03.017270
exp_1,b-21.c,gcc,O1,arm,1,2025-04-29 23:03:03.517865
exp_1,b-21.c,gcc,O2,arm,1,2025-04-29 23:03:03.998594
exp_1,b-21.c,gcc,O3,arm,1,2025-04-29 23:03:04.481478
exp_1,b-21.c,gcc,O4,arm,1,2025-04-29 23:03:04.967359
exp_1,b-21.c,clang,O0,arm,0,2025-04-29 23:03:05.475428
exp_1,b-21.c,clang,O1,arm,1,2025-04-29 23:03:06.006497
exp_1,b-21.c,clang,O2,arm,1,2025-04-29 23:03:06.529827
exp_1,b-21.c,clang,O3,arm,1,2025-04-29 23:03:07.053049
exp_1,l-19.c,gcc,O0,arm,0,2025-04-29 23:03:07.586711
exp_1,l-19.c,gcc,O1,arm,0,2025-04-29 23:03:08.029382
exp_1,l-19.c,gcc,O2,arm,0,2025-04-29 23:03:08.475416
exp_1,l-19.c,gcc,O3,arm,0,2025-04-29 23:03:08.921243
exp_1,l-19.c,gcc,O4,arm,0,2025-04-29 23:03:09.381225
exp_1,l-19.c,clang,O0,arm,0,2025-04-29 23:03:09.861609
exp_1,l-19.c,clang,O1,arm,0,2025-04-29 23:03:10.352356
exp_1,l-19.c,clang,O2,arm,0,2025-04-29 23:03:10.845107
exp_1,l-19.c,clang,O3,arm,0,2025-04-29 23:03:11.335099
exp_1,b-10.c,gcc,O0,arm,0,2025-04-29 23:03:11.775173
exp_1,b-10.c,gcc,O1,arm,1,2025-04-29 23:03:12.213701
exp_1,b-10.c,gcc,O2,arm,1,2025-04-29 23:03:12.662048
exp_1,b-10.c,gcc,O3,arm,1,2025-04-29 23:03:13.102307
exp_1,b-10.c,gcc,O4,arm,1,2025-04-29 23:03:13.541042
exp_1,b-10.c,clang,O0,arm,1,2025-04-29 23:03:14.021568
exp_1,b-10.c,clang,O1,arm,1,2025-04-29 23:03:14.508831
exp_1,b-10.c,clang,O2,arm,1,2025-04-29 23:03:14.998805
exp_1,b-10.c,clang,O3,arm,1,2025-04-29 23:03:15.487193
exp_1,l-2.c,gcc,O0,arm,0,2025-04-29 23:03:17.213638
exp_1,l-2.c,gcc,O1,arm,0,2025-04-29 23:03:18.926455
exp_1,l-2.c,gcc,O2,arm,0,2025-04-29 23:03:20.641167
exp_1,l-2.c,gcc,O3,arm,0,2025-04-29 23:03:22.355007
exp_1,l-2.c,gcc,O4,arm,0,2025-04-29 23:03:24.072876
exp_1,l-2.c,clang,O0,arm,0,2025-04-29 23:03:25.831351
exp_1,l-2.c,clang,O1,arm,1,2025-04-29 23:03:26.313552
exp_1,l-2.c,clang,O2,arm,1,2025-04-29 23:03:26.806952
exp_1,l-2.c,clang,O3,arm,1,2025-04-29 23:03:27.286657
exp_1,l-30.c,gcc,O0,arm,0,2025-04-29 23:03:27.777102
exp_1,l-30.c,gcc,O1,arm,1,2025-04-29 23:03:28.235213
exp_1,l-30.c,gcc,O2,arm,1,2025-04-29 23:03:28.685682
exp_1,l-30.c,gcc,O3,arm,1,2025-04-29 23:03:29.136006
exp_1,l-30.c,gcc,O4,arm,1,2025-04-29 23:03:29.585624
exp_1,l-30.c,clang,O0,arm,0,2025-04-29 23:03:30.125371
exp_1,l-30.c,clang,O1,arm,1,2025-04-29 23:03:30.626154
exp_1,l-30.c,clang,O2,arm,1,2025-04-29 23:03:31.129445
exp_1,l-30.c,clang,O3,arm,1,2025-04-29 23:03:31.632503
exp_1,l-18.c,gcc,O0,arm,1,2025-04-29 23:03:32.060755
exp_1,l-18.c,gcc,O1,arm,1,2025-04-29 23:03:32.484652
exp_1,l-18.c,gcc,O2,arm,1,2025-04-29 23:03:32.910262
exp_1,l-18.c,gcc,O3,arm,1,2025-04-29 23:03:33.343596
exp_1,l-18.c,gcc,O4,arm,1,2025-04-29 23:03:33.766733
exp_1,l-18.c,clang,O0,arm,1,2025-04-29 23:03:34.234106
exp_1,l-18.c,clang,O1,arm,0,2025-04-29 23:03:34.708074
exp_1,l-18.c,clang,O2,arm,0,2025-04-29 23:03:35.184141
exp_1,l-18.c,clang,O3,arm,0,2025-04-29 23:03:35.660615
exp_1,b-15.c,gcc,O0,arm,0,2025-04-29 23:03:36.104361
exp_1,b-15.c,gcc,O1,arm,0,2025-04-29 23:03:36.562212
exp_1,b-15.c,gcc,O2,arm,0,2025-04-29 23:03:37.016935
exp_1,b-15.c,gcc,O3,arm,0,2025-04-29 23:03:37.472213
exp_1,b-15.c,gcc,O4,arm,0,2025-04-29 23:03:37.927745
exp_1,b-15.c,clang,O0,arm,0,2025-04-29 23:03:38.409368
exp_1,b-15.c,clang,O1,arm,0,2025-04-29 23:03:38.902697
exp_1,b-15.c,clang,O2,arm,0,2025-04-29 23:03:39.397054
exp_1,b-15.c,clang,O3,arm,0,2025-04-29 23:03:39.901676
